[

      {
        "name": "Juan",
        "id": 1234,
        "dependents":["Kid1","Kid2","Kid3"],
        "groupNo": 1432,
        "bin": 242,
        "benPla": "HIOPT",
        "effDate": "01/10/2343",
        "plan": "PPO",

        "ov": 23,
        "sc": 15,
        "emergency":75,
        "dedu": 76
                

      },
      {
        "name": "Marilyn",
        "id": 5677,
        "dependents":["Kid1","Kid2","Kid3","Kid4","Kid5","Kid6"],
        "groupNo": 2356,
        "bin": 345,
        "benPla": "HIOPT",
        "effDate": "01/10/3423",
        "plan": "PPO",

        "ov": 23,
        "sc": 23,
        "emergency":65,
        "dedu": 74
      },
      {
        "name": "Jose",
        "id": 34324,
        "dependents":["Kid1","Kid2","kid3","kid4","kid5","kid6"],
        "groupNo": 454,
        "bin": 345,
        "benPla": "HIOPT",
        "effDate": "01/10/1347",
        "plan": "PPO",

        "ov": 34,
        "sc": 45,
        "emergency":75,
        "dedu": 75
      },
      {
        "name": "Brittany",
        "id": 775,
        "dependents":["Kid1"],
        "groupNo": 657,
        "bin": 45,
        "benPla": "HIOPT",
        "effDate": "01/10/2343",
        "plan": "PPO",

        "ov": 45,
        "sc": 56,
        "emergency":54,
        "dedu": 34
      },
      {
        "name": "Zain",
        "id": 775,
        "dependents":["Jon","Kid2","Kid3","Kid4","Kid5","Kid6"],
        "groupNo": 657,
        "bin": 45,
        "benPla": "HIOPT",
        "effDate": "01/10/2343",
        "plan": "PPO",

        "ov": 45,
        "sc": 56,
        "emergency":54,
        "dedu": 34
      },
      {
        "name": "eric",
        "id": 775,
        "dependents":["Jon","Kid2","Kid3","Kid4","Kid5","Kid6"],
        "groupNo": 657,
        "bin": 45,
        "benPla": "HIOPT",
        "effDate": "01/10/2343",
        "plan": "PPO",

        "ov": 45,
        "sc": 56,
        "emergency":54,
        "dedu": 34
      }
    ]
  